nrf-359404230194475,,,APP|MODEM,"-----BEGIN CERTIFICATE-----
MIIBfjCCASSgAwIBAgIUCfGv/dHNLUtB2cYyOXGDS6hZxsYwCgYIKoZIzj0EAwIw
YDELMAkGA1UEBhMCREsxCTAHBgNVBAgMADEJMAcGA1UEBwwAMQkwBwYDVQQKDAAx
CTAHBgNVBAsMADEUMBIGA1UEAwwLZXhhbXBsZS5jb20xDzANBgkqhkiG9w0BCQEW
ADAeFw0yNjA0MjgxOTE0MDlaFw0zNjA0MjUxOTE0MDlaMB4xHDAaBgNVBAMME25y
Zi0zNTk0MDQyMzAxOTQ0NzUwWTATBgcqhkjOPQIBBggqhkjOPQMBBwNCAASiHJ0F
7EFL/nm/3uQt28Kx0u45802fS6ohpqrYSVS6wKvh5G1Jmr1kkhHiu8BgrMZCwAcC
MyJZA/aj+shby1MsMAoGCCqGSM49BAMCA0gAMEUCIEas9i14CRO9nRgq1sQefy2K
EqtJDxm+bWbn7X93oEPUAiEAt3x4l2UWY0lxuLSffpTgJd7R0jOU17mEybBL/MmM
714=
-----END CERTIFICATE-----
"
